Product,Price,Ratings
N/A,N/A,N/A
"Sun bags Black Leather Laptop Bag Water-Resistant Laptop Backpack for Men and Women, Stylish Professional Briefcase with Multiple Compartments, Adjustable Straps, Perfect for Office and Travel",899,N/A
"Everway Bags School Backpack, Omega spacious/large laptop backpack with Raincover, college bag, travel bag for men and women (GREY&BLACK, FREE SIZE)",999,N/A
"Safari Omega spacious/large laptop backpack with Raincover, college bag, travel bag for men and women, Black, 30 Litre",669,4.0 out of 5 stars
"Skybags Casual Backpack 28L, 2 Main Compartments, Bottle Pocket, Front Pocket, Padded Shoulder Strap",489,4.1 out of 5 stars
"FUR JADEN Anti Theft Number Lock Backpack Bag with 15.6 Inch Laptop Compartment, USB Charging Port & Organizer Pocket for Men Women Boys Girls",569,4.0 out of 5 stars
Aristocrat 25L Nova Laptop Backpack - Black/School bag,329,4.0 out of 5 stars
"Safari Omega Pro 35L Laptop Backpack with Raincover, 3 compartments, bottle holder, organizer, school bag for boys and girls, college bag for women and men, office bag, travel bag",669,4.0 out of 5 stars
"Safari Omega Pro 35L Laptop Backpack with Raincover, 3 compartments, bottle holder, organizer, school bag for boys and girls, college bag for women and men, office bag, travel bag, Color- Black",899,4.1 out of 5 stars
Lavie Sport Sprinter Daypack Unisex Casual Bag For Boys & Girls,199,3.6 out of 5 stars
Wesley Spartan Unisex Travel Hiking Laptop Bag fits Upto 17.3 inch with Raincover and Internal Organiser Backpack Rucksack College Backpack,699,4.1 out of 5 stars
"SYAMSON Premium Backpack for Men & Women | Light-Weight | 15.6” Laptop | Water-Resistant | Interior Scratch Resistant | Roomy Pockets | For Office, Travel, Business, & Daily Use (30 L)","2,499",5.0 out of 5 stars
"UHIBBUK 40L Water Resistant 15.6 inch Laptop Backpack, Black | Office Bag for Men & Women with Padded Laptop Compartment & Rain Cover",499,1.0 out of 5 stars
"FUR JADEN Anti Theft Number Lock Backpack Bag with 15.6 Inch Laptop Compartment, USB Charging Port & Organizer Pocket for Men Women Boys Girls",569,4.0 out of 5 stars
LEGAL BRIBE Textured Tote bag,486,3.8 out of 5 stars
"MOKOBARA The Hovercraft Backpack Water-Resistant 15.6"" Laptop Bag with Luggage Sleeve for Work, Travel, and Daily Use - Suitable for Men and Women Black","6,799",4.3 out of 5 stars
"Tinytot30 Litre Waterproof School Backpack Bags for Women – Large 19 Inch Laptop Bag for Boys &Girls 12+ Years, College Bag for Girls and Boys, Men, Women - Ideal for Office, Travel, School, College",994,4.7 out of 5 stars
Gear Classic 20L Small Faux Leather Water Resistant Anti Theft Laptop Backpack,"1,299",4.4 out of 5 stars
Fur Jaden Brown Textured Leatherette Stylish & Spacious Weekender Duffle Bag for Travel for Men and Women,699,4.3 out of 5 stars
Tommy Hilfiger Joshua Polyester Unisex 15 Inch Laptop Backpack - Black | 21 Ltr Capacity| Padded & Adjustable Strap | Water Resistant | 3 Compartment | Water Bottle Holder | USB Cable holder Pocket,"1,599",4.3 out of 5 stars
"BigPlayer Foldable Nylon Duffle Tote Bag - 32 Liter Travel Bag for Easy Storage and Convenience,Multicolor",290,2.8 out of 5 stars
"FUR JADEN Anti Theft Number Lock Backpack Bag with 15.6 Inch Laptop Compartment, USB Charging Port & Organizer Pocket for Men Women Boys Girls",569,4.0 out of 5 stars
"Lavie Sport 47cm Osprey 28 Litres Laptop Backpack For Men & Women | Business Laptop Bag | Upto 15.6"" Notebook/Macbook Compatible (Black)",649,4.1 out of 5 stars
